{"cameraMode":{"drawMode":0,"name":"Shaded","section":"Shading Mode"},"sceneLighting":true,"audioPlay":false,"sceneViewState":{"m_AlwaysRefresh":false,"showFog":true,"showSkybox":true,"showFlares":true,"showImageEffects":true,"showParticleSystems":true,"showVisualEffectGraphs":true,"m_FxEnabled":true},"in2DMode":false,"pivot":{"x":-5.016062259674072,"y":2.3086161613464357,"z":0.7684527635574341},"rotation":{"x":-0.23510348796844483,"y":0.0061849807389080528,"z":-0.0014507583109661937,"w":-0.9720396399497986},"size":0.8771868348121643,"orthographic":false}